row_id,heart_disease_mortality_per_100k
0,312
1,257
4,195
5,218
6,355
8,288
10,283
11,315
14,426
15,309
17,288
19,300
20,322
24,213
27,310
30,337
31,276
33,204
34,228
35,438
36,262
37,241
39,261
42,287
43,269
46,315
51,324
52,345
55,199
57,313
58,243
61,250
63,378
64,300
65,175
67,255
68,275
70,185
71,249
73,233
76,314
77,307
78,294
79,383
80,310
82,280
83,360
85,276
86,296
87,316
90,285
94,319
95,272
96,343
97,228
98,284
101,253
102,229
103,291
105,363
106,281
108,244
111,223
112,214
113,375
114,236
116,232
117,212
118,340
119,330
123,279
125,229
127,227
128,306
129,263
133,218
134,199
135,324
136,257
137,330
141,283
144,207
145,247
148,199
150,337
151,399
152,259
153,229
155,305
157,293
158,182
164,327
167,200
170,245
171,224
173,348
175,271
177,267
181,306
183,228
186,210
188,321
191,224
192,191
193,302
194,351
195,285
196,273
198,292
200,315
206,307
208,202
210,259
214,303
216,380
217,242
218,242
219,303
221,315
223,238
225,272
226,270
227,204
229,248
230,243
233,352
234,187
235,317
236,236
240,250
243,204
244,239
246,220
248,255
249,344
252,269
255,281
256,239
257,221
260,202
263,288
265,257
267,327
269,443
271,253
272,369
274,206
278,256
279,290
280,272
283,229
284,238
288,260
289,220
293,353
294,306
295,277
297,223
299,370
303,208
305,359
309,229
310,349
311,232
314,332
316,288
318,212
319,307
323,261
324,311
325,216
327,309
328,281
334,274
335,251
338,277
343,327
344,335
346,252
347,343
349,225
350,315
351,313
352,293
353,216
355,299
356,212
357,204
358,280
361,290
363,314
364,263
365,234
367,209
370,349
371,203
372,241
373,219
374,336
375,200
376,260
377,350
378,210
380,363
381,340
383,274
385,290
391,246
392,244
393,281
398,183
400,284
401,386
402,219
403,222
404,185
407,313
409,198
410,425
412,237
415,391
416,256
417,259
418,313
419,382
420,272
421,194
422,231
423,282
425,373
428,281
432,262
435,255
436,272
438,230
439,348
440,293
441,220
443,408
449,270
452,321
454,350
457,287
458,323
459,401
460,294
461,392
462,220
463,245
464,300
466,193
468,325
470,403
472,239
473,253
474,325
475,303
477,340
479,213
481,300
486,286
487,279
490,297
492,229
495,228
496,220
498,125
499,210
500,285
501,260
503,182
505,370
506,268
507,260
509,250
510,259
511,371
516,322
518,296
519,221
520,252
524,330
528,281
530,195
532,242
533,369
536,226
538,266
539,259
540,222
542,368
549,175
550,222
552,238
554,286
555,180
556,234
557,175
559,388
560,336
562,269
564,287
566,379
567,295
568,286
571,309
572,408
574,252
577,294
578,483
580,210
581,296
582,365
585,213
587,379
591,255
592,191
593,275
594,278
596,350
598,238
599,468
602,293
606,326
612,257
613,291
614,198
615,340
617,163
622,236
623,232
624,261
625,215
626,268
627,409
630,324
633,308
634,279
637,195
639,304
640,296
641,283
645,269
646,276
649,306
650,255
651,215
653,288
654,284
655,349
656,299
657,218
665,188
666,206
667,401
669,431
670,267
674,343
675,355
676,245
677,264
678,223
681,372
683,340
684,249
691,205
696,361
699,374
700,209
701,338
702,206
703,253
704,251
706,317
710,305
711,291
712,251
714,279
720,253
722,315
723,277
724,219
725,244
726,218
728,294
729,303
730,247
733,319
737,355
738,224
741,304
742,291
746,207
748,232
753,346
754,321
755,321
756,329
757,250
759,279
760,252
761,231
762,341
763,230
766,306
769,223
770,286
774,206
776,300
778,303
779,256
781,166
784,346
785,239
786,273
787,315
788,420
789,279
791,214
793,381
794,254
795,340
796,212
799,331
800,320
804,330
806,301
807,252
808,269
810,230
813,266
814,312
815,219
817,267
819,249
820,355
823,331
824,381
826,247
827,400
828,231
831,272
833,293
836,357
842,341
843,280
844,244
845,247
847,199
850,240
851,288
852,322
853,288
855,179
857,312
858,218
859,310
861,225
864,242
866,270
867,291
868,390
869,298
872,217
873,334
877,202
878,247
880,179
881,337
882,417
883,306
884,273
885,366
888,241
891,306
892,312
893,189
895,228
898,305
899,326
900,245
902,267
905,279
906,345
907,321
908,239
909,285
910,283
915,368
916,282
917,299
921,187
925,274
926,299
930,264
931,360
933,300
935,255
936,348
938,252
940,308
941,222
942,263
943,450
944,304
945,294
947,187
948,263
949,235
951,307
955,261
958,235
959,261
960,278
963,260
966,210
967,232
968,367
969,240
970,295
977,235
979,340
981,368
985,243
986,301
989,279
990,250
991,345
993,327
994,371
996,309
998,169
1001,410
1003,267
1005,308
1008,279
1009,267
1010,298
1011,251
1012,243
1015,260
1016,203
1019,259
1020,294
1023,264
1024,224
1025,222
1026,197
1029,255
1030,225
1031,259
1034,288
1037,243
1039,292
1040,444
1041,160
1043,292
1044,304
1045,245
1047,260
1050,342
1054,411
1055,288
1056,317
1058,279
1059,160
1061,193
1063,282
1068,269
1070,238
1071,342
1072,229
1076,319
1077,244
1078,344
1079,304
1082,240
1083,232
1085,241
1087,309
1089,256
1092,245
1093,328
1095,184
1098,290
1099,401
1101,341
1105,303
1106,365
1107,335
1109,202
1112,289
1114,244
1115,240
1116,343
1118,262
1123,288
1124,201
1125,195
1127,188
1128,309
1129,295
1130,305
1136,318
1138,256
1139,395
1140,189
1141,317
1144,258
1145,323
1147,227
1148,347
1150,313
1152,233
1153,353
1155,174
1156,225
1157,215
1158,235
1159,367
1161,208
1162,270
1163,251
1165,291
1166,285
1168,201
1169,234
1175,207
1177,285
1178,311
1179,363
1181,260
1183,239
1188,187
1191,324
1192,181
1194,220
1195,314
1197,234
1199,219
1200,250
1203,296
1204,240
1205,174
1207,196
1208,380
1210,245
1213,247
1214,262
1217,206
1220,332
1221,299
1222,267
1223,262
1224,265
1226,224
1228,379
1229,368
1230,280
1234,390
1240,262
1241,256
1244,259
1245,464
1248,288
1249,352
1250,350
1251,385
1255,307
1257,370
1258,226
1262,265
1263,280
1264,294
1265,363
1266,186
1267,318
1270,238
1273,204
1274,288
1275,255
1280,239
1283,293
1284,274
1286,274
1288,339
1289,237
1293,244
1294,209
1297,315
1298,243
1299,199
1300,257
1302,281
1308,280
1309,324
1310,238
1316,356
1317,293
1318,290
1319,215
1320,383
1322,416
1324,267
1326,372
1327,217
1331,275
1332,455
1335,215
1336,332
1337,226
1340,328
1342,304
1344,312
1346,387
1347,309
1348,379
1351,313
1353,300
1354,316
1355,209
1357,240
1358,223
1359,283
1360,260
1361,222
1362,253
1364,163
1366,353
1369,372
1373,267
1374,306
1379,252
1383,258
1385,238
1386,220
1387,249
1388,313
1390,323
1391,273
1394,335
1395,337
1396,363
1403,244
1405,330
1407,354
1408,256
1410,259
1413,318
1414,274
1417,253
1420,278
1421,211
1422,232
1424,304
1425,360
1426,234
1427,323
1428,267
1429,265
1430,398
1431,317
1432,263
1436,194
1437,282
1438,300
1440,215
1443,222
1444,331
1448,267
1449,306
1450,209
1452,292
1454,231
1455,262
1456,243
1457,356
1459,431
1460,351
1461,331
1463,359
1465,299
1466,301
1467,258
1469,194
1472,306
1474,276
1475,335
1478,220
1483,319
1484,353
1485,369
1487,307
1488,221
1492,305
1494,349
1495,265
1500,262
1501,255
1504,327
1505,347
1509,210
1511,288
1512,222
1516,278
1517,423
1519,370
1520,288
1521,226
1523,254
1524,258
1525,242
1527,306
1532,235
1533,196
1536,250
1541,303
1542,286
1544,363
1545,322
1546,253
1547,323
1550,392
1552,409
1553,226
1554,387
1555,303
1556,320
1558,238
1559,266
1560,280
1563,224
1565,421
1568,204
1569,285
1571,277
1572,184
1574,278
1580,259
1581,354
1582,310
1584,293
1585,198
1586,352
1587,270
1589,254
1590,249
1591,206
1593,192
1594,313
1595,232
1596,225
1597,252
1598,375
1600,226
1601,324
1608,341
1610,275
1611,323
1613,232
1620,366
1625,350
1629,234
1630,417
1631,203
1632,232
1638,207
1639,247
1640,315
1641,220
1642,187
1643,289
1646,246
1648,290
1649,235
1655,265
1658,275
1660,246
1666,355
1667,378
1676,278
1677,347
1678,304
1682,253
1684,289
1685,244
1686,340
1687,395
1689,234
1690,335
1691,304
1694,362
1695,211
1696,323
1700,269
1705,297
1708,276
1711,321
1712,224
1715,289
1720,253
1724,215
1729,290
1730,307
1731,343
1732,239
1737,233
1738,306
1740,267
1741,272
1742,149
1746,309
1747,385
1748,278
1751,252
1752,189
1753,304
1756,230
1760,340
1763,328
1768,250
1771,330
1772,291
1773,193
1774,306
1776,232
1777,344
1778,323
1779,298
1780,315
1781,225
1783,249
1785,277
1787,236
1788,249
1789,246
1790,337
1791,189
1796,227
1799,292
1800,238
1801,302
1802,304
1803,198
1804,264
1805,394
1807,304
1808,299
1809,264
1813,355
1816,225
1821,283
1822,319
1824,271
1826,148
1827,224
1828,312
1829,213
1831,244
1832,254
1839,308
1840,221
1842,212
1843,312
1847,333
1848,216
1849,315
1850,332
1851,252
1854,313
1855,269
1856,265
1857,307
1858,317
1859,459
1860,285
1861,263
1862,323
1863,317
1869,241
1871,282
1874,245
1875,267
1878,205
1881,340
1883,350
1884,241
1887,270
1892,183
1894,328
1895,279
1896,389
1900,266
1903,303
1904,317
1905,273
1907,341
1909,221
1911,184
1913,230
1914,192
1915,326
1917,281
1918,288
1922,176
1925,215
1926,289
1927,313
1930,319
1931,313
1933,274
1935,243
1936,279
1938,236
1939,247
1940,229
1941,189
1942,212
1944,316
1946,399
1948,300
1949,296
1951,297
1953,321
1954,292
1957,333
1959,255
1961,325
1962,314
1963,239
1964,315
1970,340
1972,223
1975,189
1979,386
1980,355
1981,302
1982,268
1987,186
1989,341
1990,328
1991,432
1992,279
1995,204
2001,354
2002,193
2004,282
2006,193
2007,317
2008,138
2012,354
2013,254
2014,185
2016,193
2020,205
2021,241
2023,210
2024,210
2025,328
2027,377
2029,209
2031,256
2033,282
2041,252
2043,307
2045,279
2048,253
2051,221
2053,327
2054,337
2055,224
2057,312
2060,289
2062,255
2063,269
2066,261
2069,254
2070,368
2074,192
2075,356
2078,238
2080,243
2082,220
2084,392
2088,259
2091,258
2093,330
2094,329
2095,310
2098,188
2100,291
2101,369
2106,263
2107,262
2108,289
2111,231
2112,251
2113,188
2119,209
2120,204
2123,267
2124,287
2127,281
2128,288
2129,251
2130,281
2131,320
2132,250
2133,382
2134,272
2136,246
2137,231
2142,281
2143,275
2145,268
2146,275
2150,304
2153,308
2156,349
2158,380
2162,129
2164,260
2167,264
2169,279
2170,226
2173,255
2176,249
2180,293
2181,217
2182,318
2184,265
2186,288
2187,266
2189,257
2190,299
2191,378
2192,238
2194,308
2197,271
2202,216
2203,317
2204,259
2205,243
2206,382
2215,295
2216,331
2217,222
2218,352
2219,299
2223,254
2224,357
2226,360
2236,206
2237,240
2238,245
2239,209
2240,356
2241,243
2245,316
2248,386
2249,284
2250,271
2251,255
2252,287
2254,246
2255,215
2259,268
2262,369
2263,394
2264,300
2267,330
2268,366
2270,235
2271,296
2272,370
2279,318
2280,251
2281,194
2282,361
2283,337
2284,239
2286,357
2288,375
2289,389
2292,281
2293,257
2295,289
2297,316
2299,297
2300,280
2302,271
2303,308
2306,150
2310,276
2315,402
2316,278
2317,257
2321,303
2322,245
2324,219
2325,270
2328,351
2330,252
2332,254
2333,375
2334,308
2336,265
2343,237
2344,211
2345,289
2346,319
2347,269
2349,292
2351,236
2354,206
2355,230
2360,310
2362,328
2365,363
2366,404
2367,291
2368,363
2370,307
2371,238
2374,243
2377,281
2378,368
2379,212
2380,248
2384,261
2385,290
2386,266
2387,317
2394,466
2395,168
2398,327
2401,318
2402,188
2404,256
2405,285
2406,242
2409,268
2411,223
2412,188
2416,383
2417,219
2418,364
2419,197
2423,334
2424,295
2426,187
2428,285
2429,221
2430,135
2432,195
2434,252
2435,321
2436,338
2437,278
2438,278
2439,284
2441,193
2445,261
2446,354
2448,279
2452,263
2454,393
2455,243
2456,234
2457,292
2460,397
2461,251
2464,248
2465,254
2467,420
2468,297
2474,325
2475,337
2476,275
2478,184
2480,296
2481,287
2485,302
2486,255
2488,209
2489,464
2490,324
2491,275
2493,337
2497,297
2499,307
2501,256
2502,242
2504,254
2505,129
2506,287
2507,252
2509,208
2513,241
2515,221
2518,289
2519,309
2520,242
2524,272
2525,226
2526,371
2529,336
2531,250
2532,179
2533,247
2534,335
2535,289
2536,243
2537,282
2540,257
2542,228
2544,382
2545,205
2547,317
2548,278
2553,282
2554,279
2555,227
2557,214
2559,274
2561,420
2562,242
2564,245
2566,295
2567,270
2570,290
2571,362
2572,149
2573,244
2574,255
2575,438
2576,246
2577,355
2587,219
2588,259
2589,404
2590,198
2591,231
2592,278
2594,267
2597,433
2599,243
2600,283
2601,286
2602,454
2603,267
2605,206
2609,287
2612,225
2613,225
2615,186
2617,365
2619,315
2620,155
2622,281
2625,234
2627,384
2631,243
2632,272
2634,430
2636,244
2637,303
2638,310
2639,352
2640,457
2641,364
2644,259
2648,239
2652,272
2654,282
2660,304
2661,303
2662,173
2664,171
2665,262
2666,255
2668,284
2671,305
2673,315
2674,283
2677,324
2678,266
2682,220
2683,221
2684,359
2685,197
2686,261
2687,262
2688,217
2691,207
2695,338
2696,261
2697,268
2699,250
2701,266
2702,244
2707,223
2709,363
2710,244
2711,434
2712,332
2715,270
2716,294
2717,234
2722,238
2725,346
2730,179
2731,207
2733,245
2736,292
2737,224
2739,241
2740,274
2741,215
2742,318
2743,338
2745,167
2746,350
2748,188
2751,296
2752,298
2756,328
2757,214
2758,196
2759,287
2760,298
2762,351
2763,300
2765,328
2767,247
2769,203
2770,258
2771,288
2773,313
2774,339
2775,339
2776,286
2778,307
2779,330
2782,186
2783,233
2789,303
2790,314
2793,294
2796,313
2797,322
2798,332
2800,302
2801,234
2802,343
2803,281
2805,426
2806,187
2807,316
2808,212
2809,205
2810,259
2813,242
2814,270
2815,292
2817,295
2819,304
2822,295
2826,250
2829,239
2830,251
2831,319
2834,212
2835,210
2838,316
2839,355
2840,290
2848,367
2852,251
2854,235
2855,267
2856,326
2858,210
2859,366
2860,290
2861,287
2863,249
2866,241
2867,238
2869,383
2872,407
2876,332
2877,230
2879,240
2882,350
2883,209
2886,248
2887,336
2890,296
2891,322
2893,271
2895,379
2897,236
2898,334
2899,342
2903,317
2905,318
2906,335
2907,386
2916,177
2920,239
2925,195
2926,357
2931,258
2932,203
2935,321
2937,312
2938,190
2940,389
2942,363
2944,307
2945,226
2947,233
2948,252
2952,232
2953,283
2955,314
2956,273
2957,280
2958,366
2961,216
2962,305
2964,204
2965,173
2967,258
2968,211
2970,204
2971,231
2977,229
2979,322
2980,231
2983,225
2986,238
2992,285
2995,377
2997,294
3002,335
3003,295
3005,299
3006,255
3009,182
3010,239
3012,210
3013,289
3016,114
3020,316
3021,222
3024,318
3025,250
3028,276
3030,253
3032,256
3034,238
3035,248
3036,234
3037,214
3039,237
3040,297
3043,202
3045,206
3048,247
3049,217
3051,271
3057,344
3060,290
3061,428
3063,254
3068,149
3069,289
3070,310
3074,377
3075,202
3078,268
3080,328
3081,237
3085,457
3092,224
3093,318
3095,367
3099,337
3101,320
3102,350
3103,310
3104,182
3105,353
3107,219
3108,379
3109,313
3113,166
3114,214
3124,218
3127,263
3130,188
3134,280
3136,213
3144,355
3145,312
3148,265
3149,263
3153,275
3154,188
3155,316
3157,359
3158,341
3159,260
3160,135
3161,238
3164,297
3166,314
3167,424
3171,346
3172,330
3173,357
3178,251
3180,282
3181,347
3182,207
3186,265
3187,227
3189,306
3193,280
3197,325
3199,263
3201,222
3202,264
3203,279
3205,433
3210,343
3211,175
3213,305
3214,346
3217,272
3218,381
3220,387
3221,234
3223,187
3224,285
3225,125
3226,263
3228,179
3229,267
3230,261
3233,346
3236,282
3238,241
3239,359
3240,353
3241,328
3242,260
3243,175
3244,279
3248,387
3251,313
3253,292
3255,218
3256,398
3257,435
3258,293
3259,250
3262,313
3264,239
3265,320
3267,304
3268,216
3270,264
3271,314
3272,325
3273,214
3275,233
3276,303
3277,389
3278,290
3279,353
3280,350
3281,300
3283,230
3286,302
3288,277
3290,192
3291,263
3292,338
3293,309
3294,316
3295,262
3298,364
3302,289
3304,203
3307,254
3309,214
3315,304
3316,252
3317,232
3319,224
3322,232
3323,183
3325,308
3327,420
3331,250
3333,198
3336,273
3338,281
3339,216
3341,201
3342,385
3343,239
3344,297
3346,220
3349,326
3350,228
3351,264
3352,308
3353,247
3354,279
3355,199
3356,329
3358,274
3359,287
3360,241
3361,214
3362,270
3363,359
3364,225
3365,311
3366,255
3370,266
3372,138
3373,294
3374,264
3375,336
3380,277
3381,287
3383,431
3384,259
3387,344
3388,295
3391,315
3393,265
3396,347
3397,237
3398,293
3399,326
3402,283
3407,428
3408,234
3409,285
3410,310
3411,176
3412,320
3415,354
3417,206
3418,268
3419,226
3420,340
3421,344
3422,293
3423,350
3424,394
3426,301
3429,253
3430,249
3432,322
3433,231
3434,276
3435,298
3438,398
3439,346
3440,232
3441,312
3447,287
3448,254
3449,208
3451,267
3453,253
3454,298
3455,264
3456,272
3458,236
3460,252
3461,214
3462,322
3468,250
3472,276
3473,325
3475,109
3476,277
3477,402
3478,290
3481,287
3482,295
3483,230
3485,179
3488,241
3490,276
3491,305
3492,224
3493,246
3495,298
3496,267
3498,298
3500,215
3501,315
3506,210
3509,380
3510,224
3511,195
3514,476
3515,403
3518,204
3520,255
3521,333
3527,316
3532,214
3535,222
3537,266
3540,266
3544,205
3545,269
3546,230
3548,218
3550,214
3551,280
3554,511
3555,183
3556,252
3558,283
3559,245
3560,258
3563,303
3564,219
3565,283
3566,336
3567,277
3571,304
3572,240
3573,324
3576,256
3578,223
3580,370
3582,280
3584,277
3587,288
3589,276
3591,243
3596,288
3597,307
3600,266
3604,374
3605,235
3606,277
3609,255
3611,300
3614,291
3615,211
3616,252
3619,236
3623,272
3626,274
3627,318
3628,288
3630,282
3632,236
3635,188
3636,193
3637,322
3639,406
3640,410
3645,386
3646,243
3650,280
3651,261
3654,323
3658,247
3659,235
3660,256
3661,287
3664,315
3665,442
3666,304
3669,291
3670,250
3674,327
3676,322
3677,183
3680,422
3681,283
3682,330
3683,228
3684,204
3689,365
3691,284
3693,339
3696,222
3697,309
3698,238
3700,307
3701,250
3703,327
3705,203
3706,327
3707,234
3708,288
3709,351
3710,363
3711,206
3712,381
3716,265
3719,306
3720,363
3724,347
3729,237
3732,232
3736,210
3737,332
3738,261
3741,275
3742,252
3745,361
3746,380
3748,252
3752,155
3754,213
3757,382
3763,337
3766,284
3768,294
3770,265
3771,198
3774,263
3775,248
3776,266
3784,318
3785,374
3787,314
3788,278
3790,270
3791,230
3792,321
3793,224
3795,263
3799,306
3800,273
3801,235
3802,291
3805,342
3808,266
3810,155
3811,359
3812,296
3813,272
3815,218
3816,330
3817,257
3819,272
3821,259
3822,295
3827,204
3832,248
3835,291
3837,210
3843,299
3846,210
3847,300
3848,217
3852,257
3853,362
3854,170
3855,334
3860,303
3862,205
3863,330
3864,257
3866,270
3868,254
3869,278
3870,257
3871,295
3873,404
3874,344
3876,389
3877,298
3879,337
3881,331
3882,304
3884,170
3885,356
3887,260
3888,321
3891,308
3892,289
3895,210
3898,224
3900,225
3901,289
3902,233
3903,237
3905,296
3906,351
3907,251
3910,262
3911,408
3914,281
3918,244
3920,293
3923,252
3924,288
3928,368
3929,324
3931,345
3932,240
3940,282
3941,204
3942,239
3945,278
3947,214
3949,345
3951,311
3952,346
3953,320
3959,222
3961,280
3963,287
3964,287
3967,209
3969,242
3970,357
3971,362
3972,307
3974,292
3975,357
3977,227
3978,187
3985,287
3986,278
3989,294
3990,381
3992,257
3994,324
3995,249
3996,234
3998,256
4000,410
4001,276
4002,330
4003,312
4005,383
4008,283
4010,183
4012,218
4013,330
4014,149
4015,359
4016,198
4017,351
4022,290
4027,317
4029,399
4031,187
4034,288
4035,320
4038,319
4039,207
4040,225
4042,238
4043,230
4046,363
4047,213
4048,259
4049,332
4050,466
4053,209
4055,391
4060,232
4062,283
4063,154
4064,254
4066,329
4067,229
4068,243
4069,235
4070,274
4071,277
4073,301
4076,226
4080,203
4084,231
4085,238
4087,363
4088,247
4091,200
4094,192
4096,329
4098,214
4100,310
4102,334
4104,278
4105,272
4108,263
4109,300
4115,215
4116,294
4117,289
4121,212
4123,242
4124,192
4126,193
4128,278
4129,247
4130,390
4134,293
4138,310
4139,243
4140,298
4143,355
4144,238
4147,267
4149,342
4150,225
4152,357
4153,299
4155,363
4157,369
4158,306
4159,316
4160,286
4161,266
4164,242
4165,332
4168,318
4169,320
4170,214
4172,352
4174,382
4177,243
4179,316
4180,284
4184,392
4185,247
4187,395
4189,382
4191,283
4192,336
4194,316
4195,252
4196,409
4197,404
4199,240
4200,280
4204,227
4205,280
4206,299
4207,289
4208,217
4210,228
4211,258
4213,340
4223,259
4227,209
4231,325
4233,179
4234,234
4236,242
4238,234
4239,205
4241,280
4242,307
4243,320
4244,238
4245,197
4252,246
4253,309
4258,329
4260,286
4262,199
4263,303
4264,287
4266,468
4267,296
4269,227
4270,349
4271,296
4277,227
4278,278
4279,291
4281,315
4283,265
4285,512
4286,285
4287,223
4288,152
4293,231
4296,252
4297,303
4298,393
4300,229
4302,206
4303,222
4304,233
4305,198
4309,482
4311,327
4312,231
4313,256
4316,284
4318,322
4320,296
4321,221
4324,257
4327,178
4331,304
4332,233
4334,246
4337,318
4342,220
4343,248
4348,367
4355,245
4357,321
4361,346
4362,293
4365,334
4367,232
4368,249
4369,210
4371,247
4373,290
4376,219
4378,196
4380,354
4381,255
4383,257
4384,262
4386,257
4387,475
4389,249
4390,172
4391,318
4393,206
4395,376
4396,319
4400,330
4405,305
4406,373
4407,310
4408,248
4411,315
4412,281
4418,304
4419,280
4420,252
4421,273
4422,225
4423,183
4425,335
4426,233
4429,279
4430,203
4431,341
4432,242
4434,264
4436,262
4437,235
4440,366
4441,303
4444,360
4453,271
4454,268
4455,190
4456,346
4457,214
4459,316
4460,248
4461,249
4462,261
4463,347
4464,268
4465,278
4466,209
4470,265
4472,322
4473,398
4474,223
4477,305
4478,221
4479,259
4480,262
4481,258
4483,266
4484,266
4487,262
4488,207
4489,221
4493,257
4495,213
4496,287
4498,316
4500,233
4504,209
4509,210
4510,300
4512,292
4513,267
4515,335
4521,238
4526,193
4528,319
4531,232
4534,290
4536,244
4537,353
4547,395
4548,306
4550,259
4552,191
4554,284
4555,314
4556,253
4559,252
4560,225
4565,264
4567,277
4568,229
4573,219
4577,281
4578,370
4580,380
4581,364
4583,434
4584,243
4585,264
4587,204
4594,259
4597,379
4601,401
4602,330
4605,284
4608,316
4610,334
4611,420
4612,335
4613,330
4615,323
4616,277
4617,282
4618,262
4619,319
4620,467
4621,149
4625,379
4628,250
4630,305
4636,416
4637,211
4645,235
4646,316
4649,220
4653,241
4656,242
4659,272
4662,201
4663,187
4667,244
4671,211
4672,234
4674,439
4676,387
4677,276
4681,211
4684,311
4690,227
4691,220
4694,194
4697,288
4698,155
4700,278
4703,151
4705,266
4706,272
4708,237
4709,314
4710,213
4714,359
4715,231
4718,266
4719,324
4720,321
4721,174
4723,317
4724,266
4725,266
4729,322
4732,444
4733,350
4737,288
4738,236
4740,278
4747,188
4750,315
4751,299
4755,266
4756,232
4757,259
4758,273
4759,332
4771,294
4776,240
4778,362
4779,253
4782,318
4783,458
4785,206
4787,260
4788,193
4789,114
4790,247
4791,274
4793,326
4798,256
4799,353
4801,199
4803,226
4805,320
4810,261
4811,219
4813,306
4815,312
4817,241
4818,220
4819,249
4820,240
4821,350
4823,325
4825,169
4826,250
4827,352
4829,201
4830,326
4832,337
4833,289
4835,381
4836,227
4837,324
4839,292
4841,206
4846,259
4848,354
4851,297
4852,387
4853,360
4857,187
4859,271
4865,351
4867,348
4870,278
4873,220
4874,317
4875,235
4876,256
4877,271
4878,230
4879,226
4881,366
4883,265
4884,360
4889,342
4892,277
4893,278
4894,251
4897,262
4900,309
4901,246
4902,334
4904,238
4908,325
4914,331
4915,243
4916,300
4917,247
4918,249
4919,224
4920,284
4921,239
4922,337
4926,257
4928,319
4929,222
4931,219
4933,244
4936,304
4937,313
4942,165
4945,243
4948,268
4949,306
4950,155
4952,251
4953,272
4956,271
4962,256
4968,326
4969,238
4970,225
4972,312
4974,368
4976,256
4977,265
4980,207
4981,284
4984,247
4985,193
4987,348
4988,217
4989,307
4993,349
4994,252
4999,185
5000,339
5002,285
5003,202
5004,195
5006,242
5009,261
5011,356
5013,372
5015,226
5017,215
5018,359
5020,356
5021,228
5024,223
5027,315
5029,219
5030,240
5035,250
5039,179
5040,334
5043,232
5046,352
5047,243
5049,348
5051,303
5052,276
5054,254
5055,259
5056,235
5057,375
5058,363
5059,274
5060,303
5061,382
5064,261
5065,345
5067,311
5068,204
5069,217
5070,303
5073,300
5074,214
5075,299
5077,283
5078,284
5079,244
5082,255
5083,399
5084,257
5089,375
5090,187
5091,319
5094,195
5095,278
5096,355
5097,383
5098,221
5101,296
5102,229
5103,190
5104,305
5107,264
5109,278
5112,281
5114,292
5115,310
5117,330
5120,392
5122,387
5124,262
5125,261
5127,255
5128,344
5130,222
5131,289
5132,193
5133,281
5135,260
5136,305
5140,222
5141,200
5142,316
5144,294
5147,382
5149,218
5151,259
5152,358
5154,330
5161,274
5162,325
5164,215
5166,251
5167,284
5168,278
5169,322
5171,212
5172,389
5173,248
5174,220
5177,265
5178,334
5180,335
5185,316
5188,260
5189,280
5191,253
5192,327
5195,303
5196,186
5198,324
5199,379
5201,282
5203,332
5204,244
5205,249
5208,250
5209,335
5210,243
5211,226
5212,261
5214,223
5219,265
5221,332
5223,270
5224,185
5225,222
5227,191
5229,331
5232,288
5233,236
5237,304
5239,257
5241,327
5242,232
5244,311
5248,301
5249,220
5250,331
5252,213
5253,307
5254,278
5256,320
5257,329
5259,273
5261,226
5263,274
5264,308
5265,420
5266,369
5267,220
5268,313
5271,242
5272,300
5274,308
5276,264
5278,223
5279,237
5281,308
5283,212
5284,275
5287,196
5289,283
5290,184
5291,305
5293,254
5294,391
5295,356
5297,245
5298,216
5303,339
5304,427
5305,347
5309,369
5313,237
5320,239
5321,321
5322,239
5323,218
5324,338
5325,311
5326,276
5327,207
5328,270
5333,265
5334,273
5335,340
5336,272
5337,195
5339,259
5340,263
5341,276
5342,258
5344,363
5345,217
5347,262
5348,256
5350,231
5351,258
5354,289
5357,304
5358,235
5360,277
5364,274
5367,344
5369,225
5370,387
5372,314
5373,449
5376,231
5379,235
5381,236
5383,240
5384,210
5385,238
5387,207
5388,308
5389,294
5392,209
5396,230
5397,231
5400,346
5401,349
5403,255
5404,209
5408,213
5412,169
5413,257
5415,292
5416,348
5417,260
5419,219
5424,238
5425,276
5426,314
5432,287
5434,203
5436,271
5438,363
5439,253
5441,195
5442,254
5443,225
5444,224
5446,262
5449,263
5451,329
5452,322
5453,257
5454,206
5457,317
5458,259
5461,304
5463,309
5464,208
5468,399
5469,356
5470,332
5471,256
5472,336
5473,326
5480,166
5481,327
5482,274
5486,291
5490,361
5491,314
5492,362
5494,294
5495,259
5497,257
5498,305
5502,264
5504,398
5508,218
5510,260
5511,232
5513,329
5514,320
5515,216
5517,378
5518,213
5519,326
5520,206
5523,292
5528,307
5530,228
5532,328
5533,216
5534,326
5535,313
5537,239
5539,313
5540,220
5541,289
5545,332
5546,187
5547,252
5548,262
5551,467
5552,199
5556,232
5559,407
5562,252
5563,312
5565,267
5566,352
5567,303
5571,242
5572,220
5573,266
5575,236
5577,246
5578,247
5580,221
5583,329
5584,297
5585,336
5587,405
5588,283
5589,277
5591,380
5592,214
5595,328
5596,367
5598,267
5599,360
5605,282
5608,203
5609,221
5610,299
5612,265
5613,203
5615,242
5617,180
5620,221
5621,260
5623,255
5626,315
5627,250
5628,248
5630,283
5632,373
5634,349
5636,308
5640,262
5641,281
5645,230
5646,210
5649,257
5650,347
5654,314
5657,222
5658,356
5664,339
5665,318
5668,288
5669,196
5674,210
5678,266
5679,265
5680,219
5681,193
5683,295
5684,259
5685,397
5686,213
5688,199
5690,259
5694,336
5696,210
5697,339
5698,325
5699,261
5700,208
5701,260
5703,265
5704,258
5705,286
5706,280
5708,204
5710,335
5715,257
5716,270
5717,357
5718,310
5719,299
5720,374
5722,259
5723,383
5724,295
5726,349
5727,296
5730,259
5731,338
5733,298
5734,299
5736,211
5740,331
5741,254
5742,273
5746,266
5749,285
5751,298
5752,326
5753,314
5754,203
5758,368
5760,384
5762,261
5764,282
5770,388
5771,264
5772,186
5773,213
5774,225
5775,325
5776,150
5777,288
5780,304
5781,293
5783,229
5784,300
5786,245
5787,338
5788,216
5792,314
5795,386
5797,259
5798,320
5804,318
5807,220
5809,218
5811,196
5813,265
5814,254
5816,323
5817,205
5819,224
5823,282
5827,357
5830,223
5831,370
5832,206
5835,264
5838,231
5845,281
5846,403
5849,307
5851,391
5857,208
5858,232
5859,391
5865,326
5866,230
5868,190
5869,244
5870,194
5871,289
5875,317
5878,309
5880,290
5881,267
5882,372
5886,272
5887,249
5890,216
5891,312
5893,283
5894,251
5895,265
5898,338
5899,367
5902,259
5903,309
5904,249
5905,232
5909,276
5911,174
5912,259
5913,338
5914,302
5915,302
5920,280
5926,210
5927,266
5930,269
5931,221
5933,190
5935,248
5938,350
5942,271
5945,284
5946,220
5947,262
5948,242
5951,285
5952,255
5956,239
5957,304
5958,381
5960,251
5961,320
5962,289
5963,224
5964,268
5965,318
5966,300
5967,289
5968,346
5969,203
5970,184
5971,251
5976,166
5977,241
5980,194
5981,180
5984,243
5985,280
5986,289
5988,225
5990,265
5991,180
5993,362
5994,232
5995,283
5996,292
5997,264
5999,255
6000,386
6001,305
6004,292
6005,318
6008,204
6009,244
6010,330
6011,299
6012,289
6013,310
6016,196
6017,255
6018,325
6019,219
6021,182
6023,178
6025,261
6026,346
6027,231
6028,315
6030,213
6031,256
6034,278
6035,286
6036,408
6037,311
6038,291
6039,428
6042,228
6043,237
6044,215
6046,208
6048,335
6051,271
6052,282
6053,188
6054,306
6063,327
6065,228
6072,227
6073,270
6076,297
6079,245
6080,245
6082,422
6083,312
6085,366
6087,319
6089,331
6090,311
6093,296
6098,209
6100,199
6101,218
6102,300
6104,298
6105,372
6106,179
6107,353
6112,233
6113,308
6116,274
6117,258
6120,250
6121,233
6122,209
6128,234
6129,260
6131,346
6132,193
6134,249
6137,329
6140,374
6143,231
6144,249
6145,363
6149,249
6150,343
6151,209
6152,277
6153,403
6155,301
6158,251
6159,229
6160,210
6162,265
6165,285
6166,283
6167,277
6169,381
6170,301
6174,190
6180,203
6181,239
6184,230
6185,295
6186,237
6190,255
6194,203
6195,110
6196,350
6197,256
6200,315
6201,252
6202,276
6203,259
6204,192
6205,284
6212,198
6213,214
6216,211
6219,356
6220,262
6221,219
6222,283
6224,331
6227,281
6228,438
6229,354
6234,263
6235,253
6237,236
6239,300
6240,272
6242,283
6244,362
6250,310
6252,295
6253,227
6255,314
6256,306
6257,231
6260,214
6261,205
6262,239
6263,224
6264,276
6265,364
6266,205
6267,184
6268,239
6269,308
6270,262
6275,259
6276,266
